Time,main_inst.sink,main_inst.source
4.56622600555,3.00125002861,0
8.56879210472,12.0047821999,0
12.5713582039,21.0082979202,0
16.5742762089,27.0105696201,0
20.5771291256,36.014087677,0
24.6482610703,36.0138509274,0
28.652230978,33.0116574764,0
32.6548211575,30.0106208324,0
36.6574552059,24.008611997,0
40.6600041389,21.0075815641,0
44.6626579762,18.0065408094,0
48.6652669907,12.0043994188,0
52.6678490639,9.00331087673,0
56.6704120636,6.00221029917,0
60.6733911037,0.0,0
